code,text
Q1A,"What arrangements, if any, do you have in place to ensure scientific advice informs national policy and decision making in relation to Covid-19?"
Q1B,"In what ways, if any, are you coordinating on Covid-19 STI responses at international level?"
Q2,Do you have dedicated arrangements in place for communicating science advice and for refuting misleading information to the public on Covid-19?
Q3,"What new STI policy measures, if any, is your country taking to respond specifically to the Covid-19 crisis?"
Q4A,"At national level, what mechanisms are you developing or relying upon to bring together different STI actors (researchers, industry, government, health sector, foundations, etc.) to effectively collaborate on responses to Covid-19?"
Q4B,"At international level, what mechanisms are you developing or relying upon to bring together different STI actors (researchers, industry, government, health sector, foundations, etc.) to effectively collaborate on responses to Covid-19?"
Q5,"What novel approaches, if any, is your country using to address the coronavirus crisis (e.g. use of machine learning, open science initiatives boosting access and sharing of data and research results, development and use of prediction models, etc.)?"
Q6A,"What impact on the STI system do you anticipate in the short-, medium- and long-term, and what measures are you implementing to address those?"
Q6B,Is support of the STI system part of planned stimulus packages aimed at supporting the economy?
Q7,Is there anything else regarding the STI policy response to Covid-19 in your country you would like to mention?
submitdate,submitdate
